Index,Degree,Program,Total Credit Hours,Program_Link
0,Bachelor of Architecture,"Architecture, B.Arch.",155,https://catalog.belmont.edu/preview_program.php?catoid=9&amp;poid=2466&amp;returnto=444
1,Bachelor of Arts,"Art History, B.A.",128,https://catalog.belmont.edu/preview_program.php?catoid=9&amp;poid=2320&amp;returnto=444
2,Bachelor of Arts,"Art Studies, B.A.",128,https://catalog.belmont.edu/preview_program.php?catoid=9&amp;poid=2317&amp;returnto=444
3,Bachelor of Arts,"Asian Studies, B.A.",128,https://catalog.belmont.edu/preview_program.php?catoid=9&amp;poid=2272&amp;returnto=444
4,Bachelor of Arts,"Biblical Languages, B.A.",128,https://catalog.belmont.edu/preview_program.php?catoid=9&amp;poid=2405&amp;returnto=444
5,Bachelor of Arts,"Biblical Studies, B.A.",128,https://catalog.belmont.edu/preview_program.php?catoid=9&amp;poid=2406&amp;returnto=444
6,Bachelor of Arts,"Christian Leadership, B.A.",128,https://catalog.belmont.edu/preview_program.php?catoid=9&amp;poid=2411&amp;returnto=444
7,Bachelor of Arts,"Church Leadership and Administration, B.A.",128,https://catalog.belmont.edu/preview_program.php?catoid=9&amp;poid=2413&amp;returnto=444
8,Bachelor of Arts,"English, B.A.",128,https://catalog.belmont.edu/preview_program.php?catoid=9&amp;poid=2275&amp;returnto=444
9,Bachelor of Arts,"Faith and Social Justice, B.A.",128,https://catalog.belmont.edu/preview_program.php?catoid=9&amp;poid=2407&amp;returnto=444
10,Bachelor of Arts,"French, B.A.",128,https://catalog.belmont.edu/preview_program.php?catoid=9&amp;poid=2281&amp;returnto=444
11,Bachelor of Arts,"German, B.A.",128,https://catalog.belmont.edu/preview_program.php?catoid=9&amp;poid=2283&amp;returnto=444
12,Bachelor of Arts,"Mathematics, B.A.",128,https://catalog.belmont.edu/preview_program.php?catoid=9&amp;poid=2248&amp;returnto=444
13,Bachelor of Arts,"Music, B.A.",132,https://catalog.belmont.edu/preview_program.php?catoid=9&amp;poid=2375&amp;returnto=444
14,Bachelor of Arts,"Music, Emphasis in Musical Theatre Studies, B.A.",132,https://catalog.belmont.edu/preview_program.php?catoid=9&amp;poid=2475&amp;returnto=444
15,Bachelor of Arts,"Philosophy of Religion, B.A.",128,https://catalog.belmont.edu/preview_program.php?catoid=9&amp;poid=2408&amp;returnto=444
16,Bachelor of Arts,"Photography, B.A.",128,https://catalog.belmont.edu/preview_program.php?catoid=9&amp;poid=2744&amp;returnto=444
17,Bachelor of Arts,"Religion and the Arts, B.A.",128,https://catalog.belmont.edu/preview_program.php?catoid=9&amp;poid=2409&amp;returnto=444
18,Bachelor of Arts,"Religious Studies, B.A.",128,https://catalog.belmont.edu/preview_program.php?catoid=9&amp;poid=2410&amp;returnto=444
19,Bachelor of Arts,"Spanish, B.A.",128,https://catalog.belmont.edu/preview_program.php?catoid=9&amp;poid=2285&amp;returnto=444
20,Bachelor of Arts,"Teaching English as a Second Language, B.A.",128,https://catalog.belmont.edu/preview_program.php?catoid=9&amp;poid=2748&amp;returnto=444
21,Bachelor of Arts,"Theatre and Drama, B.A.",128-132,https://catalog.belmont.edu/preview_program.php?catoid=9&amp;poid=2349&amp;returnto=444
22,Bachelor of Arts,"Worship Leadership, B.A.",128,https://catalog.belmont.edu/preview_program.php?catoid=9&amp;poid=2414&amp;returnto=444
23,Bachelor of Arts/Bachelor of Science,"Audio Engineering Technology, B.A./B.S.",128,https://catalog.belmont.edu/preview_program.php?catoid=9&amp;poid=2392&amp;returnto=444
24,Bachelor of Arts/Bachelor of Science,"Biophysics, B.S./B.A.",128,https://catalog.belmont.edu/preview_program.php?catoid=9&amp;poid=2237&amp;returnto=444
25,Bachelor of Arts/Bachelor of Science,"Communication Studies, B.A./B.S.",128,https://catalog.belmont.edu/preview_program.php?catoid=9&amp;poid=2297&amp;returnto=444
26,Bachelor of Arts/Bachelor of Science,"Corporate Communication, B.A./B.S.",128,https://catalog.belmont.edu/preview_program.php?catoid=9&amp;poid=2299&amp;returnto=444
27,Bachelor of Arts/Bachelor of Science,"Creative &amp; Entertainment Industries, B.A./B.S.",128,https://catalog.belmont.edu/preview_program.php?catoid=9&amp;poid=2457&amp;returnto=444
28,Bachelor of Arts/Bachelor of Science,"Early Childhood Education, B.A./B.S.",134,https://catalog.belmont.edu/preview_program.php?catoid=9&amp;poid=2265&amp;returnto=444
29,Bachelor of Arts/Bachelor of Science,"Educational Studies, B.A./B.S.",128,https://catalog.belmont.edu/preview_program.php?catoid=9&amp;poid=2473&amp;returnto=444
30,Bachelor of Arts/Bachelor of Science,"Elementary Education: Interdisciplinary Studies in Education, B.A./B.S.",128,https://catalog.belmont.edu/preview_program.php?catoid=9&amp;poid=2462&amp;returnto=444
31,Bachelor of Arts/Bachelor of Science,"Emerging Media, B.A./B.S.",128,https://catalog.belmont.edu/preview_program.php?catoid=9&amp;poid=2469&amp;returnto=444
32,Bachelor of Arts/Bachelor of Science,"Engineering Physics, B.S./B.A.",128,https://catalog.belmont.edu/preview_program.php?catoid=9&amp;poid=2236&amp;returnto=444
33,Bachelor of Arts/Bachelor of Science,"Film and Television Writing, B.A./B.S.",128,https://catalog.belmont.edu/preview_program.php?catoid=9&amp;poid=2736&amp;returnto=444
34,Bachelor of Arts/Bachelor of Science,"Global Leadership Studies, B.A./B.S.",128,https://catalog.belmont.edu/preview_program.php?catoid=9&amp;poid=2401&amp;returnto=444
35,Bachelor of Arts/Bachelor of Science,"History, B.A./B.S.",128,https://catalog.belmont.edu/preview_program.php?catoid=9&amp;poid=2301&amp;returnto=444
36,Bachelor of Arts/Bachelor of Science,"International Politics, B.A./B.S.",128,https://catalog.belmont.edu/preview_program.php?catoid=9&amp;poid=2308&amp;returnto=444
37,Bachelor of Arts/Bachelor of Science,"Journalism, B.A./B.S.",128,https://catalog.belmont.edu/preview_program.php?catoid=9&amp;poid=2203&amp;returnto=444
38,Bachelor of Arts/Bachelor of Science,"Legal Studies, B.A./B.S.",128,https://catalog.belmont.edu/preview_program.php?catoid=9&amp;poid=2403&amp;returnto=444
39,Bachelor of Arts/Bachelor of Science,"Liberal Studies, B.A./B.S.",128,https://catalog.belmont.edu/preview_program.php?catoid=9&amp;poid=2437&amp;returnto=444
40,Bachelor of Arts/Bachelor of Science,"Media Production, B.A./B.S.",128,https://catalog.belmont.edu/preview_program.php?catoid=9&amp;poid=2472&amp;returnto=444
41,Bachelor of Arts/Bachelor of Science,"Ministry, B.A./B.S.",128,https://catalog.belmont.edu/preview_program.php?catoid=9&amp;poid=2412&amp;returnto=444
42,Bachelor of Arts/Bachelor of Science,"Ministry, Evening, B.A./B.S.",128,https://catalog.belmont.edu/preview_program.php?catoid=9&amp;poid=2439&amp;returnto=444
43,Bachelor of Arts/Bachelor of Science,"Motion Pictures, B.A./B.S.",128,https://catalog.belmont.edu/preview_program.php?catoid=9&amp;poid=2215&amp;returnto=444
44,Bachelor of Arts/Bachelor of Science,"Philosophy, B.A./B.S.",128,https://catalog.belmont.edu/preview_program.php?catoid=9&amp;poid=2294&amp;returnto=444
45,Bachelor of Arts/Bachelor of Science,"Physics, B.S./B.A.",128,https://catalog.belmont.edu/preview_program.php?catoid=9&amp;poid=2235&amp;returnto=444
46,Bachelor of Arts/Bachelor of Science,"Political Science, B.A./B.S.",128,https://catalog.belmont.edu/preview_program.php?catoid=9&amp;poid=2304&amp;returnto=444
47,Bachelor of Arts/Bachelor of Science,"Politics and Public Law, B.A./B.S.",128,https://catalog.belmont.edu/preview_program.php?catoid=9&amp;poid=2307&amp;returnto=444
48,Bachelor of Arts/Bachelor of Science,"Psychology, B.A./B.S.",128,https://catalog.belmont.edu/preview_program.php?catoid=9&amp;poid=2257&amp;returnto=444
49,Bachelor of Arts/Bachelor of Science,"Public Relations Management, B.A./B.S.",128,https://catalog.belmont.edu/preview_program.php?catoid=9&amp;poid=2434&amp;returnto=444
50,Bachelor of Arts/Bachelor of Science,"Public Relations, B.A./B.S.",128,https://catalog.belmont.edu/preview_program.php?catoid=9&amp;poid=2309&amp;returnto=444
51,Bachelor of Arts/Bachelor of Science,"Publishing, B.A./B.S.",128,https://catalog.belmont.edu/preview_program.php?catoid=9&amp;poid=2213&amp;returnto=444
52,Bachelor of Arts/Bachelor of Science,"Secondary Education, B.A./B.S.",128+,https://catalog.belmont.edu/preview_program.php?catoid=9&amp;poid=2268&amp;returnto=444
53,Bachelor of Arts/Bachelor of Science,"Social Entrepreneurship, B.A./B.S.",128,https://catalog.belmont.edu/preview_program.php?catoid=9&amp;poid=2165&amp;returnto=444
54,Bachelor of Arts/Bachelor of Science,"Social Media Management, B.A./B.S.",119,https://catalog.belmont.edu/preview_program.php?catoid=9&amp;poid=2464&amp;returnto=444
55,Bachelor of Arts/Bachelor of Science,"Sociology, B.A./B.S.",128,https://catalog.belmont.edu/preview_program.php?catoid=9&amp;poid=2311&amp;returnto=444
56,Bachelor of Arts/Bachelor of Science,"Songwriting, B.A./B.S.",128,https://catalog.belmont.edu/preview_program.php?catoid=9&amp;poid=2399&amp;returnto=444
57,Bachelor of Arts/Bachelor of Science,"Sport Administration, B.A./B.S.",128,https://catalog.belmont.edu/preview_program.php?catoid=9&amp;poid=2174&amp;returnto=444
58,Bachelor of Business Administration,"Business Administration, B.B.A.",128,https://catalog.belmont.edu/preview_program.php?catoid=9&amp;poid=2188&amp;returnto=444
59,Bachelor of Business Administration,"Hospitality and Tourism Management, B.B.A.",128,https://catalog.belmont.edu/preview_program.php?catoid=9&amp;poid=2461&amp;returnto=444
60,Bachelor of Business Administration,"Music Business, B.B.A.",128,https://catalog.belmont.edu/preview_program.php?catoid=9&amp;poid=2394&amp;returnto=444
61,Bachelor of Business Administration,"Professional, Accounting, B.B.A.",128,https://catalog.belmont.edu/preview_program.php?catoid=9&amp;poid=2436&amp;returnto=444
62,Bachelor of Business Administration,"Professional, General Business, B.B.A.",128,https://catalog.belmont.edu/preview_program.php?catoid=9&amp;poid=2435&amp;returnto=444
63,Bachelor of Business Administration,"Supply Chain Management, B.B.A.",128,https://catalog.belmont.edu/preview_program.php?catoid=9&amp;poid=2745&amp;returnto=444
64,Bachelor of Fine Arts,"Art Education, B.F.A.",129-131,https://catalog.belmont.edu/preview_program.php?catoid=9&amp;poid=2318&amp;returnto=444
65,Bachelor of Fine Arts,"Design Communications, B.F.A.",128,https://catalog.belmont.edu/preview_program.php?catoid=9&amp;poid=2321&amp;returnto=444
66,Bachelor of Fine Arts,"Experiential Design, B.F.A.",128,https://catalog.belmont.edu/preview_program.php?catoid=9&amp;poid=2446&amp;returnto=444
67,Bachelor of Fine Arts,"Fashion Design, B.F.A.",128,https://catalog.belmont.edu/preview_program.php?catoid=9&amp;poid=2450&amp;returnto=444
68,Bachelor of Fine Arts,"Fashion Merchandising, B.F.A.",128,https://catalog.belmont.edu/preview_program.php?catoid=9&amp;poid=2449&amp;returnto=444
69,Bachelor of Fine Arts,"Illustration, B.F.A.",128,https://catalog.belmont.edu/preview_program.php?catoid=9&amp;poid=2737&amp;returnto=444
70,Bachelor of Fine Arts,"Interior Design, B.F.A.",128,https://catalog.belmont.edu/preview_program.php?catoid=9&amp;poid=2451&amp;returnto=444
71,Bachelor of Fine Arts,"Motion Pictures, B.F.A.",128,https://catalog.belmont.edu/preview_program.php?catoid=9&amp;poid=2216&amp;returnto=444
72,Bachelor of Fine Arts,"Musical Theatre, B.F.A.",129,https://catalog.belmont.edu/preview_program.php?catoid=9&amp;poid=2376&amp;returnto=444
73,Bachelor of Fine Arts,"Photography, B.F.A.",128,https://catalog.belmont.edu/preview_program.php?catoid=9&amp;poid=2743&amp;returnto=444
74,Bachelor of Fine Arts,"Studio Art, B.F.A.",128,https://catalog.belmont.edu/preview_program.php?catoid=9&amp;poid=2326&amp;returnto=444
75,Bachelor of Fine Arts,"Theatre, B.F.A.",128,https://catalog.belmont.edu/preview_program.php?catoid=9&amp;poid=2345&amp;returnto=444
76,Bachelor of Music,"Church Music, B.M.",132,https://catalog.belmont.edu/preview_program.php?catoid=9&amp;poid=2332&amp;returnto=444
77,Bachelor of Music,"Commercial Music, B.M.",132,https://catalog.belmont.edu/preview_program.php?catoid=9&amp;poid=2333&amp;returnto=444
78,Bachelor of Music,"Composition, B.M.",132,https://catalog.belmont.edu/preview_program.php?catoid=9&amp;poid=2339&amp;returnto=444
79,Bachelor of Music,"Music Education, Instrumental License",132,https://catalog.belmont.edu/preview_program.php?catoid=9&amp;poid=2340&amp;returnto=444
80,Bachelor of Music,"Music Education, Vocal License",132,https://catalog.belmont.edu/preview_program.php?catoid=9&amp;poid=2342&amp;returnto=444
81,Bachelor of Music,"Music Technology, B.M.",132,https://catalog.belmont.edu/preview_program.php?catoid=9&amp;poid=2474&amp;returnto=444
82,Bachelor of Music,"Music Therapy, Instrument, B.M.",146,https://catalog.belmont.edu/preview_program.php?catoid=9&amp;poid=2368&amp;returnto=444
83,Bachelor of Music,"Music Therapy, Keyboard, B.M.",146,https://catalog.belmont.edu/preview_program.php?catoid=9&amp;poid=2367&amp;returnto=444
84,Bachelor of Music,"Music Therapy, Voice, B.M.",145,https://catalog.belmont.edu/preview_program.php?catoid=9&amp;poid=2366&amp;returnto=444
85,Bachelor of Music,"Music with an Outside Minor, B.M.",132,https://catalog.belmont.edu/preview_program.php?catoid=9&amp;poid=2374&amp;returnto=444
86,Bachelor of Music,"Musical Theatre, B.M.",135,https://catalog.belmont.edu/preview_program.php?catoid=9&amp;poid=2369&amp;returnto=444
87,Bachelor of Music,"Performance, Piano, Organ, Guitar, Instruments, B.M.",132,https://catalog.belmont.edu/preview_program.php?catoid=9&amp;poid=2370&amp;returnto=444
88,Bachelor of Music,"Performance, Voice, B.M.",132,https://catalog.belmont.edu/preview_program.php?catoid=9&amp;poid=2371&amp;returnto=444
89,Bachelor of Music,"Piano Pedagogy, B.M.",132,https://catalog.belmont.edu/preview_program.php?catoid=9&amp;poid=2372&amp;returnto=444
90,Bachelor of Music,"Theory, B.M.",132,https://catalog.belmont.edu/preview_program.php?catoid=9&amp;poid=2373&amp;returnto=444
91,Bachelor of Science,"Applied Mathematics, B.S.",128,https://catalog.belmont.edu/preview_program.php?catoid=9&amp;poid=2249&amp;returnto=444
92,Bachelor of Science,"Biochemistry and Molecular Biology, B.S.",128,https://catalog.belmont.edu/preview_program.php?catoid=9&amp;poid=2229&amp;returnto=444
93,Bachelor of Science,"Biology, B.S.",128,https://catalog.belmont.edu/preview_program.php?catoid=9&amp;poid=2220&amp;returnto=444
94,Bachelor of Science,"Chemistry, B.S.",128,https://catalog.belmont.edu/preview_program.php?catoid=9&amp;poid=2381&amp;returnto=444
95,Bachelor of Science,"Computer Science, B.S.",128,https://catalog.belmont.edu/preview_program.php?catoid=9&amp;poid=2240&amp;returnto=444
96,Bachelor of Science,"Data Science, B.S.",128,https://catalog.belmont.edu/preview_program.php?catoid=9&amp;poid=2454&amp;returnto=444
97,Bachelor of Science,"Economics, B.S.",128,https://catalog.belmont.edu/preview_program.php?catoid=9&amp;poid=2163&amp;returnto=444
98,Bachelor of Science,"Environmental Science, B.S.",128,https://catalog.belmont.edu/preview_program.php?catoid=9&amp;poid=2245&amp;returnto=444
99,Bachelor of Science,Exercise Science 3 + 3 Program,128,https://catalog.belmont.edu/preview_program.php?catoid=9&amp;poid=2471&amp;returnto=444
100,Bachelor of Science,"Exercise Science, B.S.",128,https://catalog.belmont.edu/preview_program.php?catoid=9&amp;poid=2259&amp;returnto=444
101,Bachelor of Science,"Hospitality and Tourism Management, B.S.",128,https://catalog.belmont.edu/preview_program.php?catoid=9&amp;poid=2460&amp;returnto=444
102,Bachelor of Science,"International Economics, B.S.",128,https://catalog.belmont.edu/preview_program.php?catoid=9&amp;poid=2164&amp;returnto=444
103,Bachelor of Science,"Mathematics, B.S.",128,https://catalog.belmont.edu/preview_program.php?catoid=9&amp;poid=2247&amp;returnto=444
104,Bachelor of Science,"Neuroscience, B.S.",128,https://catalog.belmont.edu/preview_program.php?catoid=9&amp;poid=2254&amp;returnto=444
105,Bachelor of Science,"Pharmaceutical Studies, B.S.",128,https://catalog.belmont.edu/preview_program.php?catoid=9&amp;poid=2256&amp;returnto=444
106,Bachelor of Science,"Web Programming and Development, B.S.",128,https://catalog.belmont.edu/preview_program.php?catoid=9&amp;poid=2241&amp;returnto=444
107,Bachelor of Science in Architectural Studies,"Architectural Studies, B.S.A.S.",128,https://catalog.belmont.edu/preview_program.php?catoid=9&amp;poid=2467&amp;returnto=444
108,Bachelor of Science in Nursing,"Nursing Accelerated Option, B.S.N.",129-133,https://catalog.belmont.edu/preview_program.php?catoid=9&amp;poid=2353&amp;returnto=444
109,Bachelor of Science in Nursing,"Nursing, B.S.N.",128,https://catalog.belmont.edu/preview_program.php?catoid=9&amp;poid=2352&amp;returnto=444
110,Bachelor of Science in Nursing,Registered Nurse to B.S.N.,128,https://catalog.belmont.edu/preview_program.php?catoid=9&amp;poid=2438&amp;returnto=444
111,Bachelor of Science in Public Health,"Public Health, B.S.P.H.",128,https://catalog.belmont.edu/preview_program.php?catoid=9&amp;poid=2354&amp;returnto=444
112,Bachelor of Social Work,"Social Work, Adult Degree Program, B.S.W.",128,https://catalog.belmont.edu/preview_program.php?catoid=9&amp;poid=2428&amp;returnto=444
113,Bachelor of Social Work,"Social Work, B.S.W.",128,https://catalog.belmont.edu/preview_program.php?catoid=9&amp;poid=2355&amp;returnto=444
114,Endorsement,Art Endorsement,30,https://catalog.belmont.edu/preview_program.php?catoid=9&amp;poid=2319&amp;returnto=444
115,Endorsement,French Endorsement,18,https://catalog.belmont.edu/preview_program.php?catoid=9&amp;poid=2282&amp;returnto=444
116,Endorsement,German Endorsement,18,https://catalog.belmont.edu/preview_program.php?catoid=9&amp;poid=2284&amp;returnto=444
117,Endorsement,History Endorsement,24,https://catalog.belmont.edu/preview_program.php?catoid=9&amp;poid=2303&amp;returnto=444
118,Endorsement,Political Science Endorsement,18,https://catalog.belmont.edu/preview_program.php?catoid=9&amp;poid=2306&amp;returnto=444
119,Endorsement,Spanish Endorsement,18,https://catalog.belmont.edu/preview_program.php?catoid=9&amp;poid=2286&amp;returnto=444
120,License,School Social Work Licensure,32,https://catalog.belmont.edu/preview_program.php?catoid=9&amp;poid=2357&amp;returnto=444
121,Minor,Accounting Minor,18,https://catalog.belmont.edu/preview_program.php?catoid=9&amp;poid=2166&amp;returnto=444
122,Minor,Architectural Studies Minor,20,https://catalog.belmont.edu/preview_program.php?catoid=9&amp;poid=2468&amp;returnto=444
123,Minor,Art History Minor,18,https://catalog.belmont.edu/preview_program.php?catoid=9&amp;poid=2327&amp;returnto=444
124,Minor,Asian Studies Minor,18,https://catalog.belmont.edu/preview_program.php?catoid=9&amp;poid=2273&amp;returnto=444
125,Minor,Biblical Languages Minor,18.5,https://catalog.belmont.edu/preview_program.php?catoid=9&amp;poid=2420&amp;returnto=444
126,Minor,Biblical Studies Minor,18,https://catalog.belmont.edu/preview_program.php?catoid=9&amp;poid=2421&amp;returnto=444
127,Minor,Biology Minor,18,https://catalog.belmont.edu/preview_program.php?catoid=9&amp;poid=2227&amp;returnto=444
128,Minor,"Biology Minor, Mathematical Biology Track",19,https://catalog.belmont.edu/preview_program.php?catoid=9&amp;poid=2253&amp;returnto=444
129,Minor,Business Administration Minor,18,https://catalog.belmont.edu/preview_program.php?catoid=9&amp;poid=2167&amp;returnto=444
130,Minor,Business Systems and Analytics Minor,18,https://catalog.belmont.edu/preview_program.php?catoid=9&amp;poid=2459&amp;returnto=444
131,Minor,Chemistry Minor,19,https://catalog.belmont.edu/preview_program.php?catoid=9&amp;poid=2234&amp;returnto=444
132,Minor,Chinese Minor,18,https://catalog.belmont.edu/preview_program.php?catoid=9&amp;poid=2292&amp;returnto=444
133,Minor,Christian Ethics Minor,18,https://catalog.belmont.edu/preview_program.php?catoid=9&amp;poid=2422&amp;returnto=444
134,Minor,Christian Leadership Minor,18,https://catalog.belmont.edu/preview_program.php?catoid=9&amp;poid=2423&amp;returnto=444
135,Minor,Classics Minor,18,https://catalog.belmont.edu/preview_program.php?catoid=9&amp;poid=2274&amp;returnto=444
136,Minor,Communication Studies Minor,18,https://catalog.belmont.edu/preview_program.php?catoid=9&amp;poid=2298&amp;returnto=444
137,Minor,Comparative Philosophy Minor,18,https://catalog.belmont.edu/preview_program.php?catoid=9&amp;poid=2296&amp;returnto=444
138,Minor,Computer Science Minor,18,https://catalog.belmont.edu/preview_program.php?catoid=9&amp;poid=2242&amp;returnto=444
139,Minor,Corporate Communication Minor,18,https://catalog.belmont.edu/preview_program.php?catoid=9&amp;poid=2300&amp;returnto=444
140,Minor,Creative Writing Minor,18,https://catalog.belmont.edu/preview_program.php?catoid=9&amp;poid=2463&amp;returnto=444
141,Minor,Dance Minor,22,https://catalog.belmont.edu/preview_program.php?catoid=9&amp;poid=2351&amp;returnto=444
142,Minor,Data Science Minor,18-20,https://catalog.belmont.edu/preview_program.php?catoid=9&amp;poid=2455&amp;returnto=444
143,Minor,Database Administration Minor,18,https://catalog.belmont.edu/preview_program.php?catoid=9&amp;poid=2243&amp;returnto=444
144,Minor,Design Communications Minor,18,https://catalog.belmont.edu/preview_program.php?catoid=9&amp;poid=2328&amp;returnto=444
145,Minor,Economics Minor,18,https://catalog.belmont.edu/preview_program.php?catoid=9&amp;poid=2168&amp;returnto=444
146,Minor,Education Minor,18,https://catalog.belmont.edu/preview_program.php?catoid=9&amp;poid=2270&amp;returnto=444
147,Minor,Emerging Media Minor,18,https://catalog.belmont.edu/preview_program.php?catoid=9&amp;poid=2470&amp;returnto=444
148,Minor,English as a Second Language Minor,18,https://catalog.belmont.edu/preview_program.php?catoid=9&amp;poid=2271&amp;returnto=444
149,Minor,English Endorsement for Secondary Education Minor,18,https://catalog.belmont.edu/preview_program.php?catoid=9&amp;poid=2278&amp;returnto=444
150,Minor,Entertainment Journalism Minor,18,https://catalog.belmont.edu/preview_program.php?catoid=9&amp;poid=2212&amp;returnto=444
151,Minor,Entrepreneurship Minor,18,https://catalog.belmont.edu/preview_program.php?catoid=9&amp;poid=2169&amp;returnto=444
152,Minor,Environmental Science Minor,18,https://catalog.belmont.edu/preview_program.php?catoid=9&amp;poid=2246&amp;returnto=444
153,Minor,Epidemiology Minor,18,https://catalog.belmont.edu/preview_program.php?catoid=9&amp;poid=2738&amp;returnto=444
154,Minor,European Studies Minor,18,https://catalog.belmont.edu/preview_program.php?catoid=9&amp;poid=2280&amp;returnto=444
155,Minor,Fashion Studies Minor,18,https://catalog.belmont.edu/preview_program.php?catoid=9&amp;poid=2477&amp;returnto=444
156,Minor,Film Acting Minor,21,https://catalog.belmont.edu/preview_program.php?catoid=9&amp;poid=2747&amp;returnto=444
157,Minor,Finance Minor,18,https://catalog.belmont.edu/preview_program.php?catoid=9&amp;poid=2170&amp;returnto=444
158,Minor,"Finance Minor, Actuarial Track",18,https://catalog.belmont.edu/preview_program.php?catoid=9&amp;poid=2252&amp;returnto=444
159,Minor,French Minor,18,https://catalog.belmont.edu/preview_program.php?catoid=9&amp;poid=2287&amp;returnto=444
160,Minor,German Minor,18,https://catalog.belmont.edu/preview_program.php?catoid=9&amp;poid=2288&amp;returnto=444
161,Minor,Global Leadership Studies Minor,18,https://catalog.belmont.edu/preview_program.php?catoid=9&amp;poid=2402&amp;returnto=444
162,Minor,History Minor,18,https://catalog.belmont.edu/preview_program.php?catoid=9&amp;poid=2302&amp;returnto=444
163,Minor,Interdisciplinary Ethics Minor,18,https://catalog.belmont.edu/preview_program.php?catoid=9&amp;poid=2400&amp;returnto=444
164,Minor,Interior Design Minor,20,https://catalog.belmont.edu/preview_program.php?catoid=9&amp;poid=2742&amp;returnto=444
165,Minor,International Business Minor,18,https://catalog.belmont.edu/preview_program.php?catoid=9&amp;poid=2171&amp;returnto=444
166,Minor,Italian Minor,18,https://catalog.belmont.edu/preview_program.php?catoid=9&amp;poid=2291&amp;returnto=444
167,Minor,Japanese Minor,18,https://catalog.belmont.edu/preview_program.php?catoid=9&amp;poid=2293&amp;returnto=444
168,Minor,Journalism Minor,18,https://catalog.belmont.edu/preview_program.php?catoid=9&amp;poid=2204&amp;returnto=444
169,Minor,Latin Minor,18,https://catalog.belmont.edu/preview_program.php?catoid=9&amp;poid=2289&amp;returnto=444
170,Minor,Legal Studies Minor,18,https://catalog.belmont.edu/preview_program.php?catoid=9&amp;poid=2404&amp;returnto=444
171,Minor,Literature Minor,18,https://catalog.belmont.edu/preview_program.php?catoid=9&amp;poid=2276&amp;returnto=444
172,Minor,Marketing Minor,18,https://catalog.belmont.edu/preview_program.php?catoid=9&amp;poid=2173&amp;returnto=444
173,Minor,Mathematics Minor,18,https://catalog.belmont.edu/preview_program.php?catoid=9&amp;poid=2250&amp;returnto=444
174,Minor,Music  Business Minor,18,https://catalog.belmont.edu/preview_program.php?catoid=9&amp;poid=2398&amp;returnto=444
175,Minor,Music Minor,22,https://catalog.belmont.edu/preview_program.php?catoid=9&amp;poid=2377&amp;returnto=444
176,Minor,Neuroscience Minor,18,https://catalog.belmont.edu/preview_program.php?catoid=9&amp;poid=2476&amp;returnto=444
177,Minor,Nutrition Minor,18,https://catalog.belmont.edu/preview_program.php?catoid=9&amp;poid=2260&amp;returnto=444
178,Minor,Painting Minor,18,https://catalog.belmont.edu/preview_program.php?catoid=9&amp;poid=2331&amp;returnto=444
179,Minor,Philosophy Minor,18,https://catalog.belmont.edu/preview_program.php?catoid=9&amp;poid=2295&amp;returnto=444
180,Minor,Photography Minor,18,https://catalog.belmont.edu/preview_program.php?catoid=9&amp;poid=2330&amp;returnto=444
181,Minor,Physical Science Minor,24,https://catalog.belmont.edu/preview_program.php?catoid=9&amp;poid=2239&amp;returnto=444
182,Minor,Physics Minor,18,https://catalog.belmont.edu/preview_program.php?catoid=9&amp;poid=2238&amp;returnto=444
183,Minor,Political Science Minor,18,https://catalog.belmont.edu/preview_program.php?catoid=9&amp;poid=2305&amp;returnto=444
184,Minor,Psychology Minor,18,https://catalog.belmont.edu/preview_program.php?catoid=9&amp;poid=2258&amp;returnto=444
185,Minor,Public Health Minor,18,https://catalog.belmont.edu/preview_program.php?catoid=9&amp;poid=2453&amp;returnto=444
186,Minor,Public Relations Minor,18,https://catalog.belmont.edu/preview_program.php?catoid=9&amp;poid=2310&amp;returnto=444
187,Minor,Publishing Minor,18,https://catalog.belmont.edu/preview_program.php?catoid=9&amp;poid=2214&amp;returnto=444
188,Minor,Religion and the Arts Minor,18,https://catalog.belmont.edu/preview_program.php?catoid=9&amp;poid=2424&amp;returnto=444
189,Minor,Religious Studies Minor,18,https://catalog.belmont.edu/preview_program.php?catoid=9&amp;poid=2425&amp;returnto=444
190,Minor,Second Language Acquisition Minor,18,https://catalog.belmont.edu/preview_program.php?catoid=9&amp;poid=2279&amp;returnto=444
191,Minor,Social Justice Minor,18,https://catalog.belmont.edu/preview_program.php?catoid=9&amp;poid=2356&amp;returnto=444
192,Minor,Social Media Management Minor,18,https://catalog.belmont.edu/preview_program.php?catoid=9&amp;poid=2465&amp;returnto=444
193,Minor,Sociology Minor,18,https://catalog.belmont.edu/preview_program.php?catoid=9&amp;poid=2315&amp;returnto=444
194,Minor,"Sociology, Cultural Studies Minor",18,https://catalog.belmont.edu/preview_program.php?catoid=9&amp;poid=2316&amp;returnto=444
195,Minor,Spanish Minor,18,https://catalog.belmont.edu/preview_program.php?catoid=9&amp;poid=2290&amp;returnto=444
196,Minor,Spiritual Formation Minor,18,https://catalog.belmont.edu/preview_program.php?catoid=9&amp;poid=2426&amp;returnto=444
197,Minor,Sport Administration Minor,18,https://catalog.belmont.edu/preview_program.php?catoid=9&amp;poid=2261&amp;returnto=444
198,Minor,Sports and Media Minor,18,https://catalog.belmont.edu/preview_program.php?catoid=9&amp;poid=2209&amp;returnto=444
199,Minor,Sports Medicine Minor,18,https://catalog.belmont.edu/preview_program.php?catoid=9&amp;poid=2262&amp;returnto=444
200,Minor,Statistics Minor,18,https://catalog.belmont.edu/preview_program.php?catoid=9&amp;poid=2251&amp;returnto=444
201,Minor,Strength and Conditioning Minor (for EXS majors),18,https://catalog.belmont.edu/preview_program.php?catoid=9&amp;poid=2263&amp;returnto=444
202,Minor,Strength and Conditioning Minor (for NON-EXS majors only),18,https://catalog.belmont.edu/preview_program.php?catoid=9&amp;poid=2264&amp;returnto=444
203,Minor,Studio Art Minor,18,https://catalog.belmont.edu/preview_program.php?catoid=9&amp;poid=2329&amp;returnto=444
204,Minor,Theatre and Drama Minor,21,https://catalog.belmont.edu/preview_program.php?catoid=9&amp;poid=2350&amp;returnto=444
205,Minor,Video Production Minor,18,https://catalog.belmont.edu/preview_program.php?catoid=9&amp;poid=2205&amp;returnto=444
206,Minor,Web Development Minor,18,https://catalog.belmont.edu/preview_program.php?catoid=9&amp;poid=2244&amp;returnto=444
207,Minor,Writing and Rhetoric Minor,18,https://catalog.belmont.edu/preview_program.php?catoid=9&amp;poid=2277&amp;returnto=444
208,Minor,Youth Ministry and Church Recreation Minor,18,https://catalog.belmont.edu/preview_program.php?catoid=9&amp;poid=2427&amp;returnto=444
209,Other Programs,Honors Curriculum,43-58,https://catalog.belmont.edu/preview_program.php?catoid=9&amp;poid=2429&amp;returnto=444
